{"cameraMode":{"drawMode":0,"name":"Shaded","section":"Shading Mode"},"sceneLighting":false,"audioPlay":false,"sceneViewState":{"showFog":true,"showMaterialUpdate":true,"showSkybox":false,"showFlares":true,"showImageEffects":true,"showParticleSystems":true},"in2DMode":false,"pivot":{"x":18.990768432617189,"y":-2.122818946838379,"z":-31.599369049072267},"rotation":{"x":0.006960270926356316,"y":0.9930297136306763,"z":-0.08092182129621506,"w":0.0854123905301094},"size":39.64131164550781,"orthographic":false}