{"cameraMode":{"drawMode":0,"name":"Shaded","section":"Shading Mode"},"sceneLighting":true,"audioPlay":false,"sceneViewState":{"showFog":true,"showMaterialUpdate":false,"showSkybox":true,"showFlares":true,"showImageEffects":true,"showParticleSystems":true},"in2DMode":false,"pivot":{"x":8.243487358093262,"y":2.5200743675231935,"z":2.106517791748047},"rotation":{"x":-0.20058304071426392,"y":0.564330518245697,"z":-0.1436823010444641,"w":-0.7878149747848511},"size":11.250879287719727,"orthographic":false}